pair,query_name,target_name,variant,w,tm_pairs_count,ssw_pairs_count,TP,FP,FN,precision,recall,f1,jaccard,T3_range,Ttm_range,tm_segs,overlap_T,len_T3,len_Ttm,precision_T,recall_T,range_target_f1,Q3_range,Qtm_range,overlap_Q,len_Q3,len_Qtm,precision_Q,recall_Q,range_query_f1,lctr,block_recall_tau,block_f1_calc,ssw_score,3di_identity,3di_identity_match_count,3di_identity_alignment_len,cp_ok,cutpoint_s,len_target,tm_pairs_list,ssw_pairs_file,coverage_by_target,coverage_by_query,source_csv,block_f1
2hga_trim_vs_2vsv_PDZ,2hga_trim,2vsv_PDZ,10f,0,75,63,23,40,52,0.365079365079365,0.3066666666666666,0.3333333333333332,0.2,"(1, 81)","(2, 79)","[(2, 79)]",78,81,78,0.9629629629629628,1.0,0.981132075471698,"(2, 71)","(3, 86)",69,70,84,0.9857142857142858,0.8214285714285714,0.8961038961038961,35,0.6666666666666666,0.9386179857877972,80.0,0.1587301587301587,10,63,True,2,81,60-2;61-3;62-4;63-5;64-6;65-7;66-8;67-9;68-10;76-11;77-12;78-13;79-14;80-15;81-16;82-17;83-18;84-19;3-20;4-21;5-22;6-23;7-24;8-25;9-26;10-27;11-28;12-29;13-30;14-31;15-32;16-33;17-34;18-35;19-36;20-37;21-39;22-40;23-41;24-42;25-43;26-44;27-45;28-46;29-47;30-48;31-49;32-50;33-51;34-52;35-53;36-56;37-57;38-58;39-59;40-60;41-61;42-62;43-63;44-64;45-65;46-66;47-67;48-68;49-69;50-70;52-71;53-72;54-73;55-74;56-75;57-76;58-77;59-78;86-79,/mnt/scratch/jugipalace/foldseek_new_3di/tmp/2hga_trim_vs_2vsv_PDZ_w0/2hga_trim_10f_3di_2vsv_PDZ_10f_3di_x2_10f_ssw_output.txt.pairs.tsv,/mnt/scratch/jugipalace/foldseek_new_3di/tmp/2hga_trim_vs_2vsv_PDZ_w0/alignment_results/2vsv_PDZ_10f_result_coverage_target.tsv,/mnt/scratch/jugipalace/foldseek_new_3di/tmp/2hga_trim_vs_2vsv_PDZ_w0/alignment_results/2vsv_PDZ_10f_result_coverage_query.tsv,/mnt/scratch/jugipalace/foldseek_new_3di/tmp/2hga_trim_vs_2vsv_PDZ_w0/2hga_trim_vs_2vsv_PDZ_variant_summary_w0.csv,0.938617985787797
2hga_trim_vs_2vsv_PDZ,2hga_trim,2vsv_PDZ,9f,0,75,21,10,11,65,0.4761904761904761,0.1333333333333333,0.2083333333333333,0.1162790697674418,"(56, 81)","(2, 79)","[(2, 79)]",24,26,78,0.9230769230769232,0.3076923076923077,0.4615384615384615,"(41, 62)","(3, 86)",22,22,84,1.0,0.2619047619047619,0.4150943396226415,10,0.0,0.4383164005805515,46.0,0.0476190476190476,1,21,True,2,81,60-2;61-3;62-4;63-5;64-6;65-7;66-8;67-9;68-10;76-11;77-12;78-13;79-14;80-15;81-16;82-17;83-18;84-19;3-20;4-21;5-22;6-23;7-24;8-25;9-26;10-27;11-28;12-29;13-30;14-31;15-32;16-33;17-34;18-35;19-36;20-37;21-39;22-40;23-41;24-42;25-43;26-44;27-45;28-46;29-47;30-48;31-49;32-50;33-51;34-52;35-53;36-56;37-57;38-58;39-59;40-60;41-61;42-62;43-63;44-64;45-65;46-66;47-67;48-68;49-69;50-70;52-71;53-72;54-73;55-74;56-75;57-76;58-77;59-78;86-79,/mnt/scratch/jugipalace/foldseek_new_3di/tmp/2hga_trim_vs_2vsv_PDZ_w0/2hga_trim_9f_3di_2vsv_PDZ_9f_3di_x2_9f_ssw_output.txt.pairs.tsv,/mnt/scratch/jugipalace/foldseek_new_3di/tmp/2hga_trim_vs_2vsv_PDZ_w0/alignment_results/2vsv_PDZ_9f_result_coverage_target.tsv,/mnt/scratch/jugipalace/foldseek_new_3di/tmp/2hga_trim_vs_2vsv_PDZ_w0/alignment_results/2vsv_PDZ_9f_result_coverage_query.tsv,/mnt/scratch/jugipalace/foldseek_new_3di/tmp/2hga_trim_vs_2vsv_PDZ_w0/2hga_trim_vs_2vsv_PDZ_variant_summary_w0.csv,0.4383164005805515
2hga_trim_vs_2vsv_PDZ,2hga_trim,2vsv_PDZ,8f,0,75,77,44,33,31,0.5714285714285714,0.5866666666666667,0.5789473684210527,0.4074074074074074,"(1, 81)","(2, 79)","[(2, 79)]",78,81,78,0.9629629629629628,1.0,0.981132075471698,"(3, 80)","(3, 86)",78,78,84,1.0,0.9285714285714286,0.962962962962963,21,0.6666666666666666,0.9720475192173306,142.0,0.1168831168831168,9,77,True,2,81,60-2;61-3;62-4;63-5;64-6;65-7;66-8;67-9;68-10;76-11;77-12;78-13;79-14;80-15;81-16;82-17;83-18;84-19;3-20;4-21;5-22;6-23;7-24;8-25;9-26;10-27;11-28;12-29;13-30;14-31;15-32;16-33;17-34;18-35;19-36;20-37;21-39;22-40;23-41;24-42;25-43;26-44;27-45;28-46;29-47;30-48;31-49;32-50;33-51;34-52;35-53;36-56;37-57;38-58;39-59;40-60;41-61;42-62;43-63;44-64;45-65;46-66;47-67;48-68;49-69;50-70;52-71;53-72;54-73;55-74;56-75;57-76;58-77;59-78;86-79,/mnt/scratch/jugipalace/foldseek_new_3di/tmp/2hga_trim_vs_2vsv_PDZ_w0/2hga_trim_8f_3di_2vsv_PDZ_8f_3di_x2_8f_ssw_output.txt.pairs.tsv,/mnt/scratch/jugipalace/foldseek_new_3di/tmp/2hga_trim_vs_2vsv_PDZ_w0/alignment_results/2vsv_PDZ_8f_result_coverage_target.tsv,/mnt/scratch/jugipalace/foldseek_new_3di/tmp/2hga_trim_vs_2vsv_PDZ_w0/alignment_results/2vsv_PDZ_8f_result_coverage_query.tsv,/mnt/scratch/jugipalace/foldseek_new_3di/tmp/2hga_trim_vs_2vsv_PDZ_w0/2hga_trim_vs_2vsv_PDZ_variant_summary_w0.csv,0.9720475192173306
2hga_trim_vs_2vsv_PDZ,2hga_trim,2vsv_PDZ,10f,1,75,63,42,21,33,0.6666666666666666,0.56,0.6086956521739131,0.4375,"(1, 81)","(2, 79)","[(2, 79)]",78,81,78,0.9629629629629628,1.0,0.981132075471698,"(2, 71)","(3, 86)",69,70,84,0.9857142857142858,0.8214285714285714,0.8961038961038961,35,0.6666666666666666,0.9386179857877972,80.0,0.1587301587301587,10,63,True,2,81,60-2;61-3;62-4;63-5;64-6;65-7;66-8;67-9;68-10;76-11;77-12;78-13;79-14;80-15;81-16;82-17;83-18;84-19;3-20;4-21;5-22;6-23;7-24;8-25;9-26;10-27;11-28;12-29;13-30;14-31;15-32;16-33;17-34;18-35;19-36;20-37;21-39;22-40;23-41;24-42;25-43;26-44;27-45;28-46;29-47;30-48;31-49;32-50;33-51;34-52;35-53;36-56;37-57;38-58;39-59;40-60;41-61;42-62;43-63;44-64;45-65;46-66;47-67;48-68;49-69;50-70;52-71;53-72;54-73;55-74;56-75;57-76;58-77;59-78;86-79,/mnt/scratch/jugipalace/foldseek_new_3di/tmp/2hga_trim_vs_2vsv_PDZ_w1/2hga_trim_10f_3di_2vsv_PDZ_10f_3di_x2_10f_ssw_output.txt.pairs.tsv,/mnt/scratch/jugipalace/foldseek_new_3di/tmp/2hga_trim_vs_2vsv_PDZ_w1/alignment_results/2vsv_PDZ_10f_result_coverage_target.tsv,/mnt/scratch/jugipalace/foldseek_new_3di/tmp/2hga_trim_vs_2vsv_PDZ_w1/alignment_results/2vsv_PDZ_10f_result_coverage_query.tsv,/mnt/scratch/jugipalace/foldseek_new_3di/tmp/2hga_trim_vs_2vsv_PDZ_w1/2hga_trim_vs_2vsv_PDZ_variant_summary_w1.csv,0.938617985787797
2hga_trim_vs_2vsv_PDZ,2hga_trim,2vsv_PDZ,9f,1,75,21,13,8,62,0.6190476190476191,0.1733333333333333,0.2708333333333333,0.1566265060240964,"(56, 81)","(2, 79)","[(2, 79)]",24,26,78,0.9230769230769232,0.3076923076923077,0.4615384615384615,"(41, 62)","(3, 86)",22,22,84,1.0,0.2619047619047619,0.4150943396226415,10,0.0,0.4383164005805515,46.0,0.0476190476190476,1,21,True,2,81,60-2;61-3;62-4;63-5;64-6;65-7;66-8;67-9;68-10;76-11;77-12;78-13;79-14;80-15;81-16;82-17;83-18;84-19;3-20;4-21;5-22;6-23;7-24;8-25;9-26;10-27;11-28;12-29;13-30;14-31;15-32;16-33;17-34;18-35;19-36;20-37;21-39;22-40;23-41;24-42;25-43;26-44;27-45;28-46;29-47;30-48;31-49;32-50;33-51;34-52;35-53;36-56;37-57;38-58;39-59;40-60;41-61;42-62;43-63;44-64;45-65;46-66;47-67;48-68;49-69;50-70;52-71;53-72;54-73;55-74;56-75;57-76;58-77;59-78;86-79,/mnt/scratch/jugipalace/foldseek_new_3di/tmp/2hga_trim_vs_2vsv_PDZ_w1/2hga_trim_9f_3di_2vsv_PDZ_9f_3di_x2_9f_ssw_output.txt.pairs.tsv,/mnt/scratch/jugipalace/foldseek_new_3di/tmp/2hga_trim_vs_2vsv_PDZ_w1/alignment_results/2vsv_PDZ_9f_result_coverage_target.tsv,/mnt/scratch/jugipalace/foldseek_new_3di/tmp/2hga_trim_vs_2vsv_PDZ_w1/alignment_results/2vsv_PDZ_9f_result_coverage_query.tsv,/mnt/scratch/jugipalace/foldseek_new_3di/tmp/2hga_trim_vs_2vsv_PDZ_w1/2hga_trim_vs_2vsv_PDZ_variant_summary_w1.csv,0.4383164005805515
2hga_trim_vs_2vsv_PDZ,2hga_trim,2vsv_PDZ,8f,1,75,77,63,14,12,0.8181818181818182,0.84,0.8289473684210527,0.7078651685393258,"(1, 81)","(2, 79)","[(2, 79)]",78,81,78,0.9629629629629628,1.0,0.981132075471698,"(3, 80)","(3, 86)",78,78,84,1.0,0.9285714285714286,0.962962962962963,21,0.6666666666666666,0.9720475192173306,142.0,0.1168831168831168,9,77,True,2,81,60-2;61-3;62-4;63-5;64-6;65-7;66-8;67-9;68-10;76-11;77-12;78-13;79-14;80-15;81-16;82-17;83-18;84-19;3-20;4-21;5-22;6-23;7-24;8-25;9-26;10-27;11-28;12-29;13-30;14-31;15-32;16-33;17-34;18-35;19-36;20-37;21-39;22-40;23-41;24-42;25-43;26-44;27-45;28-46;29-47;30-48;31-49;32-50;33-51;34-52;35-53;36-56;37-57;38-58;39-59;40-60;41-61;42-62;43-63;44-64;45-65;46-66;47-67;48-68;49-69;50-70;52-71;53-72;54-73;55-74;56-75;57-76;58-77;59-78;86-79,/mnt/scratch/jugipalace/foldseek_new_3di/tmp/2hga_trim_vs_2vsv_PDZ_w1/2hga_trim_8f_3di_2vsv_PDZ_8f_3di_x2_8f_ssw_output.txt.pairs.tsv,/mnt/scratch/jugipalace/foldseek_new_3di/tmp/2hga_trim_vs_2vsv_PDZ_w1/alignment_results/2vsv_PDZ_8f_result_coverage_target.tsv,/mnt/scratch/jugipalace/foldseek_new_3di/tmp/2hga_trim_vs_2vsv_PDZ_w1/alignment_results/2vsv_PDZ_8f_result_coverage_query.tsv,/mnt/scratch/jugipalace/foldseek_new_3di/tmp/2hga_trim_vs_2vsv_PDZ_w1/2hga_trim_vs_2vsv_PDZ_variant_summary_w1.csv,0.9720475192173306
2hga_trim_vs_2vsv_PDZ,2hga_trim,2vsv_PDZ,10f,2,75,63,43,20,32,0.6825396825396826,0.5733333333333334,0.6231884057971014,0.4526315789473684,"(1, 81)","(2, 79)","[(2, 79)]",78,81,78,0.9629629629629628,1.0,0.981132075471698,"(2, 71)","(3, 86)",69,70,84,0.9857142857142858,0.8214285714285714,0.8961038961038961,35,0.6666666666666666,0.9386179857877972,80.0,0.1587301587301587,10,63,True,2,81,60-2;61-3;62-4;63-5;64-6;65-7;66-8;67-9;68-10;76-11;77-12;78-13;79-14;80-15;81-16;82-17;83-18;84-19;3-20;4-21;5-22;6-23;7-24;8-25;9-26;10-27;11-28;12-29;13-30;14-31;15-32;16-33;17-34;18-35;19-36;20-37;21-39;22-40;23-41;24-42;25-43;26-44;27-45;28-46;29-47;30-48;31-49;32-50;33-51;34-52;35-53;36-56;37-57;38-58;39-59;40-60;41-61;42-62;43-63;44-64;45-65;46-66;47-67;48-68;49-69;50-70;52-71;53-72;54-73;55-74;56-75;57-76;58-77;59-78;86-79,/mnt/scratch/jugipalace/foldseek_new_3di/tmp/2hga_trim_vs_2vsv_PDZ_w2/2hga_trim_10f_3di_2vsv_PDZ_10f_3di_x2_10f_ssw_output.txt.pairs.tsv,/mnt/scratch/jugipalace/foldseek_new_3di/tmp/2hga_trim_vs_2vsv_PDZ_w2/alignment_results/2vsv_PDZ_10f_result_coverage_target.tsv,/mnt/scratch/jugipalace/foldseek_new_3di/tmp/2hga_trim_vs_2vsv_PDZ_w2/alignment_results/2vsv_PDZ_10f_result_coverage_query.tsv,/mnt/scratch/jugipalace/foldseek_new_3di/tmp/2hga_trim_vs_2vsv_PDZ_w2/2hga_trim_vs_2vsv_PDZ_variant_summary_w2.csv,0.938617985787797
2hga_trim_vs_2vsv_PDZ,2hga_trim,2vsv_PDZ,9f,2,75,21,13,8,62,0.6190476190476191,0.1733333333333333,0.2708333333333333,0.1566265060240964,"(56, 81)","(2, 79)","[(2, 79)]",24,26,78,0.9230769230769232,0.3076923076923077,0.4615384615384615,"(41, 62)","(3, 86)",22,22,84,1.0,0.2619047619047619,0.4150943396226415,10,0.0,0.4383164005805515,46.0,0.0476190476190476,1,21,True,2,81,60-2;61-3;62-4;63-5;64-6;65-7;66-8;67-9;68-10;76-11;77-12;78-13;79-14;80-15;81-16;82-17;83-18;84-19;3-20;4-21;5-22;6-23;7-24;8-25;9-26;10-27;11-28;12-29;13-30;14-31;15-32;16-33;17-34;18-35;19-36;20-37;21-39;22-40;23-41;24-42;25-43;26-44;27-45;28-46;29-47;30-48;31-49;32-50;33-51;34-52;35-53;36-56;37-57;38-58;39-59;40-60;41-61;42-62;43-63;44-64;45-65;46-66;47-67;48-68;49-69;50-70;52-71;53-72;54-73;55-74;56-75;57-76;58-77;59-78;86-79,/mnt/scratch/jugipalace/foldseek_new_3di/tmp/2hga_trim_vs_2vsv_PDZ_w2/2hga_trim_9f_3di_2vsv_PDZ_9f_3di_x2_9f_ssw_output.txt.pairs.tsv,/mnt/scratch/jugipalace/foldseek_new_3di/tmp/2hga_trim_vs_2vsv_PDZ_w2/alignment_results/2vsv_PDZ_9f_result_coverage_target.tsv,/mnt/scratch/jugipalace/foldseek_new_3di/tmp/2hga_trim_vs_2vsv_PDZ_w2/alignment_results/2vsv_PDZ_9f_result_coverage_query.tsv,/mnt/scratch/jugipalace/foldseek_new_3di/tmp/2hga_trim_vs_2vsv_PDZ_w2/2hga_trim_vs_2vsv_PDZ_variant_summary_w2.csv,0.4383164005805515
2hga_trim_vs_2vsv_PDZ,2hga_trim,2vsv_PDZ,8f,2,75,77,64,13,11,0.8311688311688312,0.8533333333333334,0.8421052631578949,0.7272727272727273,"(1, 81)","(2, 79)","[(2, 79)]",78,81,78,0.9629629629629628,1.0,0.981132075471698,"(3, 80)","(3, 86)",78,78,84,1.0,0.9285714285714286,0.962962962962963,21,0.6666666666666666,0.9720475192173306,142.0,0.1168831168831168,9,77,True,2,81,60-2;61-3;62-4;63-5;64-6;65-7;66-8;67-9;68-10;76-11;77-12;78-13;79-14;80-15;81-16;82-17;83-18;84-19;3-20;4-21;5-22;6-23;7-24;8-25;9-26;10-27;11-28;12-29;13-30;14-31;15-32;16-33;17-34;18-35;19-36;20-37;21-39;22-40;23-41;24-42;25-43;26-44;27-45;28-46;29-47;30-48;31-49;32-50;33-51;34-52;35-53;36-56;37-57;38-58;39-59;40-60;41-61;42-62;43-63;44-64;45-65;46-66;47-67;48-68;49-69;50-70;52-71;53-72;54-73;55-74;56-75;57-76;58-77;59-78;86-79,/mnt/scratch/jugipalace/foldseek_new_3di/tmp/2hga_trim_vs_2vsv_PDZ_w2/2hga_trim_8f_3di_2vsv_PDZ_8f_3di_x2_8f_ssw_output.txt.pairs.tsv,/mnt/scratch/jugipalace/foldseek_new_3di/tmp/2hga_trim_vs_2vsv_PDZ_w2/alignment_results/2vsv_PDZ_8f_result_coverage_target.tsv,/mnt/scratch/jugipalace/foldseek_new_3di/tmp/2hga_trim_vs_2vsv_PDZ_w2/alignment_results/2vsv_PDZ_8f_result_coverage_query.tsv,/mnt/scratch/jugipalace/foldseek_new_3di/tmp/2hga_trim_vs_2vsv_PDZ_w2/2hga_trim_vs_2vsv_PDZ_variant_summary_w2.csv,0.9720475192173306
2vsv_PDZ_vs_2z9i_pdz,2vsv_PDZ,2z9i_pdz,10f,0,79,65,61,4,18,0.9384615384615383,0.7721518987341772,0.8472222222222223,0.7349397590361446,"(6, 73)","(2, 85)","[(2, 85)]",68,68,84,1.0,0.8095238095238095,0.8947368421052632,"(14, 80)","(2, 82)",67,67,81,1.0,0.8271604938271605,0.9054054054054054,35,0.6,0.9000711237553343,127.0,0.4307692307692308,28,65,True,2,87,10-2;11-3;12-4;13-5;14-6;15-7;16-8;17-9;18-10;19-11;20-12;21-15;22-16;23-17;24-18;25-19;26-20;27-21;28-22;29-23;30-24;31-25;32-26;33-27;34-28;35-29;36-30;37-31;38-32;39-33;40-34;41-35;42-36;43-37;44-38;45-39;46-40;47-41;48-42;49-43;50-44;51-45;52-46;53-47;56-48;57-49;58-50;59-51;60-52;61-53;62-54;63-55;64-56;65-57;66-58;67-59;68-60;69-61;70-62;71-64;72-65;73-66;74-67;75-68;76-69;77-70;78-71;79-72;80-73;81-75;2-77;3-78;4-79;5-80;6-81;7-82;8-83;9-84;82-85,/mnt/scratch/jugipalace/foldseek_new_3di/tmp/2vsv_PDZ_vs_2z9i_pdz_w0/2vsv_PDZ_10f_3di_2z9i_pdz_10f_3di_x2_10f_ssw_output.txt.pairs.tsv,/mnt/scratch/jugipalace/foldseek_new_3di/tmp/2vsv_PDZ_vs_2z9i_pdz_w0/alignment_results/2z9i_pdz_10f_result_coverage_target.tsv,/mnt/scratch/jugipalace/foldseek_new_3di/tmp/2vsv_PDZ_vs_2z9i_pdz_w0/alignment_results/2z9i_pdz_10f_result_coverage_query.tsv,/mnt/scratch/jugipalace/foldseek_new_3di/tmp/2vsv_PDZ_vs_2z9i_pdz_w0/2vsv_PDZ_vs_2z9i_pdz_variant_summary_w0.csv,0.9000711237553343
2vsv_PDZ_vs_2z9i_pdz,2vsv_PDZ,2z9i_pdz,9f,0,79,63,35,28,44,0.5555555555555556,0.4430379746835443,0.4929577464788733,0.3271028037383177,"(1, 71)","(2, 85)","[(2, 85)]",70,71,84,0.9859154929577464,0.8333333333333334,0.9032258064516128,"(1, 78)","(2, 82)",77,78,81,0.9871794871794872,0.9506172839506172,0.9685534591194968,17,0.4,0.9358896327855548,114.0,0.5396825396825397,34,63,True,2,87,10-2;11-3;12-4;13-5;14-6;15-7;16-8;17-9;18-10;19-11;20-12;21-15;22-16;23-17;24-18;25-19;26-20;27-21;28-22;29-23;30-24;31-25;32-26;33-27;34-28;35-29;36-30;37-31;38-32;39-33;40-34;41-35;42-36;43-37;44-38;45-39;46-40;47-41;48-42;49-43;50-44;51-45;52-46;53-47;56-48;57-49;58-50;59-51;60-52;61-53;62-54;63-55;64-56;65-57;66-58;67-59;68-60;69-61;70-62;71-64;72-65;73-66;74-67;75-68;76-69;77-70;78-71;79-72;80-73;81-75;2-77;3-78;4-79;5-80;6-81;7-82;8-83;9-84;82-85,/mnt/scratch/jugipalace/foldseek_new_3di/tmp/2vsv_PDZ_vs_2z9i_pdz_w0/2vsv_PDZ_9f_3di_2z9i_pdz_9f_3di_x2_9f_ssw_output.txt.pairs.tsv,/mnt/scratch/jugipalace/foldseek_new_3di/tmp/2vsv_PDZ_vs_2z9i_pdz_w0/alignment_results/2z9i_pdz_9f_result_coverage_target.tsv,/mnt/scratch/jugipalace/foldseek_new_3di/tmp/2vsv_PDZ_vs_2z9i_pdz_w0/alignment_results/2z9i_pdz_9f_result_coverage_query.tsv,/mnt/scratch/jugipalace/foldseek_new_3di/tmp/2vsv_PDZ_vs_2z9i_pdz_w0/2vsv_PDZ_vs_2z9i_pdz_variant_summary_w0.csv,0.9358896327855548
2vsv_PDZ_vs_2z9i_pdz,2vsv_PDZ,2z9i_pdz,8f,0,79,75,60,15,19,0.8,0.759493670886076,0.7792207792207794,0.6382978723404256,"(1, 87)","(2, 85)","[(2, 85)]",84,87,84,0.9655172413793104,1.0,0.9824561403508772,"(2, 78)","(2, 82)",77,77,81,1.0,0.9506172839506172,0.9746835443037974,31,0.8,0.9785698423273372,168.0,0.4,30,75,True,2,87,10-2;11-3;12-4;13-5;14-6;15-7;16-8;17-9;18-10;19-11;20-12;21-15;22-16;23-17;24-18;25-19;26-20;27-21;28-22;29-23;30-24;31-25;32-26;33-27;34-28;35-29;36-30;37-31;38-32;39-33;40-34;41-35;42-36;43-37;44-38;45-39;46-40;47-41;48-42;49-43;50-44;51-45;52-46;53-47;56-48;57-49;58-50;59-51;60-52;61-53;62-54;63-55;64-56;65-57;66-58;67-59;68-60;69-61;70-62;71-64;72-65;73-66;74-67;75-68;76-69;77-70;78-71;79-72;80-73;81-75;2-77;3-78;4-79;5-80;6-81;7-82;8-83;9-84;82-85,/mnt/scratch/jugipalace/foldseek_new_3di/tmp/2vsv_PDZ_vs_2z9i_pdz_w0/2vsv_PDZ_8f_3di_2z9i_pdz_8f_3di_x2_8f_ssw_output.txt.pairs.tsv,/mnt/scratch/jugipalace/foldseek_new_3di/tmp/2vsv_PDZ_vs_2z9i_pdz_w0/alignment_results/2z9i_pdz_8f_result_coverage_target.tsv,/mnt/scratch/jugipalace/foldseek_new_3di/tmp/2vsv_PDZ_vs_2z9i_pdz_w0/alignment_results/2z9i_pdz_8f_result_coverage_query.tsv,/mnt/scratch/jugipalace/foldseek_new_3di/tmp/2vsv_PDZ_vs_2z9i_pdz_w0/2vsv_PDZ_vs_2z9i_pdz_variant_summary_w0.csv,0.9785698423273373
2vsv_PDZ_vs_2z9i_pdz,2vsv_PDZ,2z9i_pdz,10f,1,79,65,64,1,15,0.9846153846153848,0.810126582278481,0.888888888888889,0.8,"(6, 73)","(2, 85)","[(2, 85)]",68,68,84,1.0,0.8095238095238095,0.8947368421052632,"(14, 80)","(2, 82)",67,67,81,1.0,0.8271604938271605,0.9054054054054054,35,0.6,0.9000711237553343,127.0,0.4307692307692308,28,65,True,2,87,10-2;11-3;12-4;13-5;14-6;15-7;16-8;17-9;18-10;19-11;20-12;21-15;22-16;23-17;24-18;25-19;26-20;27-21;28-22;29-23;30-24;31-25;32-26;33-27;34-28;35-29;36-30;37-31;38-32;39-33;40-34;41-35;42-36;43-37;44-38;45-39;46-40;47-41;48-42;49-43;50-44;51-45;52-46;53-47;56-48;57-49;58-50;59-51;60-52;61-53;62-54;63-55;64-56;65-57;66-58;67-59;68-60;69-61;70-62;71-64;72-65;73-66;74-67;75-68;76-69;77-70;78-71;79-72;80-73;81-75;2-77;3-78;4-79;5-80;6-81;7-82;8-83;9-84;82-85,/mnt/scratch/jugipalace/foldseek_new_3di/tmp/2vsv_PDZ_vs_2z9i_pdz_w1/2vsv_PDZ_10f_3di_2z9i_pdz_10f_3di_x2_10f_ssw_output.txt.pairs.tsv,/mnt/scratch/jugipalace/foldseek_new_3di/tmp/2vsv_PDZ_vs_2z9i_pdz_w1/alignment_results/2z9i_pdz_10f_result_coverage_target.tsv,/mnt/scratch/jugipalace/foldseek_new_3di/tmp/2vsv_PDZ_vs_2z9i_pdz_w1/alignment_results/2z9i_pdz_10f_result_coverage_query.tsv,/mnt/scratch/jugipalace/foldseek_new_3di/tmp/2vsv_PDZ_vs_2z9i_pdz_w1/2vsv_PDZ_vs_2z9i_pdz_variant_summary_w1.csv,0.9000711237553343
2vsv_PDZ_vs_2z9i_pdz,2vsv_PDZ,2z9i_pdz,9f,1,79,63,41,22,38,0.6507936507936508,0.5189873417721519,0.5774647887323944,0.4059405940594059,"(1, 71)","(2, 85)","[(2, 85)]",70,71,84,0.9859154929577464,0.8333333333333334,0.9032258064516128,"(1, 78)","(2, 82)",77,78,81,0.9871794871794872,0.9506172839506172,0.9685534591194968,17,0.4,0.9358896327855548,114.0,0.5396825396825397,34,63,True,2,87,10-2;11-3;12-4;13-5;14-6;15-7;16-8;17-9;18-10;19-11;20-12;21-15;22-16;23-17;24-18;25-19;26-20;27-21;28-22;29-23;30-24;31-25;32-26;33-27;34-28;35-29;36-30;37-31;38-32;39-33;40-34;41-35;42-36;43-37;44-38;45-39;46-40;47-41;48-42;49-43;50-44;51-45;52-46;53-47;56-48;57-49;58-50;59-51;60-52;61-53;62-54;63-55;64-56;65-57;66-58;67-59;68-60;69-61;70-62;71-64;72-65;73-66;74-67;75-68;76-69;77-70;78-71;79-72;80-73;81-75;2-77;3-78;4-79;5-80;6-81;7-82;8-83;9-84;82-85,/mnt/scratch/jugipalace/foldseek_new_3di/tmp/2vsv_PDZ_vs_2z9i_pdz_w1/2vsv_PDZ_9f_3di_2z9i_pdz_9f_3di_x2_9f_ssw_output.txt.pairs.tsv,/mnt/scratch/jugipalace/foldseek_new_3di/tmp/2vsv_PDZ_vs_2z9i_pdz_w1/alignment_results/2z9i_pdz_9f_result_coverage_target.tsv,/mnt/scratch/jugipalace/foldseek_new_3di/tmp/2vsv_PDZ_vs_2z9i_pdz_w1/alignment_results/2z9i_pdz_9f_result_coverage_query.tsv,/mnt/scratch/jugipalace/foldseek_new_3di/tmp/2vsv_PDZ_vs_2z9i_pdz_w1/2vsv_PDZ_vs_2z9i_pdz_variant_summary_w1.csv,0.9358896327855548
2vsv_PDZ_vs_2z9i_pdz,2vsv_PDZ,2z9i_pdz,8f,1,79,75,72,3,7,0.96,0.9113924050632912,0.935064935064935,0.8780487804878049,"(1, 87)","(2, 85)","[(2, 85)]",84,87,84,0.9655172413793104,1.0,0.9824561403508772,"(2, 78)","(2, 82)",77,77,81,1.0,0.9506172839506172,0.9746835443037974,31,0.8,0.9785698423273372,168.0,0.4,30,75,True,2,87,10-2;11-3;12-4;13-5;14-6;15-7;16-8;17-9;18-10;19-11;20-12;21-15;22-16;23-17;24-18;25-19;26-20;27-21;28-22;29-23;30-24;31-25;32-26;33-27;34-28;35-29;36-30;37-31;38-32;39-33;40-34;41-35;42-36;43-37;44-38;45-39;46-40;47-41;48-42;49-43;50-44;51-45;52-46;53-47;56-48;57-49;58-50;59-51;60-52;61-53;62-54;63-55;64-56;65-57;66-58;67-59;68-60;69-61;70-62;71-64;72-65;73-66;74-67;75-68;76-69;77-70;78-71;79-72;80-73;81-75;2-77;3-78;4-79;5-80;6-81;7-82;8-83;9-84;82-85,/mnt/scratch/jugipalace/foldseek_new_3di/tmp/2vsv_PDZ_vs_2z9i_pdz_w1/2vsv_PDZ_8f_3di_2z9i_pdz_8f_3di_x2_8f_ssw_output.txt.pairs.tsv,/mnt/scratch/jugipalace/foldseek_new_3di/tmp/2vsv_PDZ_vs_2z9i_pdz_w1/alignment_results/2z9i_pdz_8f_result_coverage_target.tsv,/mnt/scratch/jugipalace/foldseek_new_3di/tmp/2vsv_PDZ_vs_2z9i_pdz_w1/alignment_results/2z9i_pdz_8f_result_coverage_query.tsv,/mnt/scratch/jugipalace/foldseek_new_3di/tmp/2vsv_PDZ_vs_2z9i_pdz_w1/2vsv_PDZ_vs_2z9i_pdz_variant_summary_w1.csv,0.9785698423273373
2vsv_PDZ_vs_2z9i_pdz,2vsv_PDZ,2z9i_pdz,10f,2,79,65,65,0,14,1.0,0.8227848101265823,0.902777777777778,0.8227848101265823,"(6, 73)","(2, 85)","[(2, 85)]",68,68,84,1.0,0.8095238095238095,0.8947368421052632,"(14, 80)","(2, 82)",67,67,81,1.0,0.8271604938271605,0.9054054054054054,35,0.6,0.9000711237553343,127.0,0.4307692307692308,28,65,True,2,87,10-2;11-3;12-4;13-5;14-6;15-7;16-8;17-9;18-10;19-11;20-12;21-15;22-16;23-17;24-18;25-19;26-20;27-21;28-22;29-23;30-24;31-25;32-26;33-27;34-28;35-29;36-30;37-31;38-32;39-33;40-34;41-35;42-36;43-37;44-38;45-39;46-40;47-41;48-42;49-43;50-44;51-45;52-46;53-47;56-48;57-49;58-50;59-51;60-52;61-53;62-54;63-55;64-56;65-57;66-58;67-59;68-60;69-61;70-62;71-64;72-65;73-66;74-67;75-68;76-69;77-70;78-71;79-72;80-73;81-75;2-77;3-78;4-79;5-80;6-81;7-82;8-83;9-84;82-85,/mnt/scratch/jugipalace/foldseek_new_3di/tmp/2vsv_PDZ_vs_2z9i_pdz_w2/2vsv_PDZ_10f_3di_2z9i_pdz_10f_3di_x2_10f_ssw_output.txt.pairs.tsv,/mnt/scratch/jugipalace/foldseek_new_3di/tmp/2vsv_PDZ_vs_2z9i_pdz_w2/alignment_results/2z9i_pdz_10f_result_coverage_target.tsv,/mnt/scratch/jugipalace/foldseek_new_3di/tmp/2vsv_PDZ_vs_2z9i_pdz_w2/alignment_results/2z9i_pdz_10f_result_coverage_query.tsv,/mnt/scratch/jugipalace/foldseek_new_3di/tmp/2vsv_PDZ_vs_2z9i_pdz_w2/2vsv_PDZ_vs_2z9i_pdz_variant_summary_w2.csv,0.9000711237553343
2vsv_PDZ_vs_2z9i_pdz,2vsv_PDZ,2z9i_pdz,9f,2,79,63,48,15,31,0.7619047619047619,0.6075949367088608,0.676056338028169,0.5106382978723404,"(1, 71)","(2, 85)","[(2, 85)]",70,71,84,0.9859154929577464,0.8333333333333334,0.9032258064516128,"(1, 78)","(2, 82)",77,78,81,0.9871794871794872,0.9506172839506172,0.9685534591194968,17,0.4,0.9358896327855548,114.0,0.5396825396825397,34,63,True,2,87,10-2;11-3;12-4;13-5;14-6;15-7;16-8;17-9;18-10;19-11;20-12;21-15;22-16;23-17;24-18;25-19;26-20;27-21;28-22;29-23;30-24;31-25;32-26;33-27;34-28;35-29;36-30;37-31;38-32;39-33;40-34;41-35;42-36;43-37;44-38;45-39;46-40;47-41;48-42;49-43;50-44;51-45;52-46;53-47;56-48;57-49;58-50;59-51;60-52;61-53;62-54;63-55;64-56;65-57;66-58;67-59;68-60;69-61;70-62;71-64;72-65;73-66;74-67;75-68;76-69;77-70;78-71;79-72;80-73;81-75;2-77;3-78;4-79;5-80;6-81;7-82;8-83;9-84;82-85,/mnt/scratch/jugipalace/foldseek_new_3di/tmp/2vsv_PDZ_vs_2z9i_pdz_w2/2vsv_PDZ_9f_3di_2z9i_pdz_9f_3di_x2_9f_ssw_output.txt.pairs.tsv,/mnt/scratch/jugipalace/foldseek_new_3di/tmp/2vsv_PDZ_vs_2z9i_pdz_w2/alignment_results/2z9i_pdz_9f_result_coverage_target.tsv,/mnt/scratch/jugipalace/foldseek_new_3di/tmp/2vsv_PDZ_vs_2z9i_pdz_w2/alignment_results/2z9i_pdz_9f_result_coverage_query.tsv,/mnt/scratch/jugipalace/foldseek_new_3di/tmp/2vsv_PDZ_vs_2z9i_pdz_w2/2vsv_PDZ_vs_2z9i_pdz_variant_summary_w2.csv,0.9358896327855548
2vsv_PDZ_vs_2z9i_pdz,2vsv_PDZ,2z9i_pdz,8f,2,79,75,73,2,6,0.9733333333333334,0.9240506329113924,0.948051948051948,0.9012345679012346,"(1, 87)","(2, 85)","[(2, 85)]",84,87,84,0.9655172413793104,1.0,0.9824561403508772,"(2, 78)","(2, 82)",77,77,81,1.0,0.9506172839506172,0.9746835443037974,31,0.8,0.9785698423273372,168.0,0.4,30,75,True,2,87,10-2;11-3;12-4;13-5;14-6;15-7;16-8;17-9;18-10;19-11;20-12;21-15;22-16;23-17;24-18;25-19;26-20;27-21;28-22;29-23;30-24;31-25;32-26;33-27;34-28;35-29;36-30;37-31;38-32;39-33;40-34;41-35;42-36;43-37;44-38;45-39;46-40;47-41;48-42;49-43;50-44;51-45;52-46;53-47;56-48;57-49;58-50;59-51;60-52;61-53;62-54;63-55;64-56;65-57;66-58;67-59;68-60;69-61;70-62;71-64;72-65;73-66;74-67;75-68;76-69;77-70;78-71;79-72;80-73;81-75;2-77;3-78;4-79;5-80;6-81;7-82;8-83;9-84;82-85,/mnt/scratch/jugipalace/foldseek_new_3di/tmp/2vsv_PDZ_vs_2z9i_pdz_w2/2vsv_PDZ_8f_3di_2z9i_pdz_8f_3di_x2_8f_ssw_output.txt.pairs.tsv,/mnt/scratch/jugipalace/foldseek_new_3di/tmp/2vsv_PDZ_vs_2z9i_pdz_w2/alignment_results/2z9i_pdz_8f_result_coverage_target.tsv,/mnt/scratch/jugipalace/foldseek_new_3di/tmp/2vsv_PDZ_vs_2z9i_pdz_w2/alignment_results/2z9i_pdz_8f_result_coverage_query.tsv,/mnt/scratch/jugipalace/foldseek_new_3di/tmp/2vsv_PDZ_vs_2z9i_pdz_w2/2vsv_PDZ_vs_2z9i_pdz_variant_summary_w2.csv,0.9785698423273373
2z9i_pdz_vs_2hga_trim,2z9i_pdz,2hga_trim,10f,0,80,70,64,6,16,0.9142857142857144,0.8,0.8533333333333333,0.7441860465116279,"(1, 85)","(2, 85)","[(2, 85)]",84,85,84,0.9882352941176472,1.0,0.9940828402366864,"(12, 87)","(2, 88)",76,76,87,1.0,0.8735632183908046,0.9325153374233128,38,0.75,0.9632990888299996,182.0,0.4714285714285714,33,70,True,2,85,14-2;15-3;16-4;17-5;18-6;19-7;20-8;21-9;22-10;23-11;24-12;25-13;26-14;27-15;28-16;29-17;30-18;32-19;33-20;34-21;35-22;36-23;37-24;38-25;39-26;40-27;41-28;42-29;43-30;44-31;45-32;46-33;47-34;48-35;49-36;50-37;51-38;52-39;53-40;54-41;55-42;56-43;57-44;58-45;59-46;60-47;61-48;62-49;63-50;64-51;65-52;66-53;67-54;68-55;69-56;70-57;71-58;77-59;78-60;79-61;80-62;81-63;82-64;83-65;84-66;85-67;86-68;87-69;2-74;3-75;4-76;5-77;6-78;7-79;8-80;9-81;10-82;11-83;12-84;88-85,/mnt/scratch/jugipalace/foldseek_new_3di/tmp/2z9i_pdz_vs_2hga_trim_w0/2z9i_pdz_10f_3di_2hga_trim_10f_3di_x2_10f_ssw_output.txt.pairs.tsv,/mnt/scratch/jugipalace/foldseek_new_3di/tmp/2z9i_pdz_vs_2hga_trim_w0/alignment_results/2hga_trim_10f_result_coverage_target.tsv,/mnt/scratch/jugipalace/foldseek_new_3di/tmp/2z9i_pdz_vs_2hga_trim_w0/alignment_results/2hga_trim_10f_result_coverage_query.tsv,/mnt/scratch/jugipalace/foldseek_new_3di/tmp/2z9i_pdz_vs_2hga_trim_w0/2z9i_pdz_vs_2hga_trim_variant_summary_w0.csv,0.9632990888299996
2z9i_pdz_vs_2hga_trim,2z9i_pdz,2hga_trim,9f,0,80,50,22,28,58,0.44,0.275,0.3384615384615385,0.2037037037037037,"(3, 82)","(2, 85)","[(2, 85)]",80,80,84,1.0,0.9523809523809524,0.975609756097561,"(9, 66)","(2, 88)",58,58,87,1.0,0.6666666666666666,0.8,18,0.25,0.8878048780487805,72.0,0.48,24,50,True,2,85,14-2;15-3;16-4;17-5;18-6;19-7;20-8;21-9;22-10;23-11;24-12;25-13;26-14;27-15;28-16;29-17;30-18;32-19;33-20;34-21;35-22;36-23;37-24;38-25;39-26;40-27;41-28;42-29;43-30;44-31;45-32;46-33;47-34;48-35;49-36;50-37;51-38;52-39;53-40;54-41;55-42;56-43;57-44;58-45;59-46;60-47;61-48;62-49;63-50;64-51;65-52;66-53;67-54;68-55;69-56;70-57;71-58;77-59;78-60;79-61;80-62;81-63;82-64;83-65;84-66;85-67;86-68;87-69;2-74;3-75;4-76;5-77;6-78;7-79;8-80;9-81;10-82;11-83;12-84;88-85,/mnt/scratch/jugipalace/foldseek_new_3di/tmp/2z9i_pdz_vs_2hga_trim_w0/2z9i_pdz_9f_3di_2hga_trim_9f_3di_x2_9f_ssw_output.txt.pairs.tsv,/mnt/scratch/jugipalace/foldseek_new_3di/tmp/2z9i_pdz_vs_2hga_trim_w0/alignment_results/2hga_trim_9f_result_coverage_target.tsv,/mnt/scratch/jugipalace/foldseek_new_3di/tmp/2z9i_pdz_vs_2hga_trim_w0/alignment_results/2hga_trim_9f_result_coverage_query.tsv,/mnt/scratch/jugipalace/foldseek_new_3di/tmp/2z9i_pdz_vs_2hga_trim_w0/2z9i_pdz_vs_2hga_trim_variant_summary_w0.csv,0.8878048780487805
2z9i_pdz_vs_2hga_trim,2z9i_pdz,2hga_trim,8f,0,80,79,64,15,16,0.810126582278481,0.8,0.8050314465408804,0.6736842105263158,"(1, 85)","(2, 85)","[(2, 85)]",84,85,84,0.9882352941176472,1.0,0.9940828402366864,"(2, 86)","(2, 88)",85,85,87,1.0,0.9770114942528736,0.9883720930232558,38,1.0,0.9912274666299712,203.0,0.3417721518987341,27,79,True,2,85,14-2;15-3;16-4;17-5;18-6;19-7;20-8;21-9;22-10;23-11;24-12;25-13;26-14;27-15;28-16;29-17;30-18;32-19;33-20;34-21;35-22;36-23;37-24;38-25;39-26;40-27;41-28;42-29;43-30;44-31;45-32;46-33;47-34;48-35;49-36;50-37;51-38;52-39;53-40;54-41;55-42;56-43;57-44;58-45;59-46;60-47;61-48;62-49;63-50;64-51;65-52;66-53;67-54;68-55;69-56;70-57;71-58;77-59;78-60;79-61;80-62;81-63;82-64;83-65;84-66;85-67;86-68;87-69;2-74;3-75;4-76;5-77;6-78;7-79;8-80;9-81;10-82;11-83;12-84;88-85,/mnt/scratch/jugipalace/foldseek_new_3di/tmp/2z9i_pdz_vs_2hga_trim_w0/2z9i_pdz_8f_3di_2hga_trim_8f_3di_x2_8f_ssw_output.txt.pairs.tsv,/mnt/scratch/jugipalace/foldseek_new_3di/tmp/2z9i_pdz_vs_2hga_trim_w0/alignment_results/2hga_trim_8f_result_coverage_target.tsv,/mnt/scratch/jugipalace/foldseek_new_3di/tmp/2z9i_pdz_vs_2hga_trim_w0/alignment_results/2hga_trim_8f_result_coverage_query.tsv,/mnt/scratch/jugipalace/foldseek_new_3di/tmp/2z9i_pdz_vs_2hga_trim_w0/2z9i_pdz_vs_2hga_trim_variant_summary_w0.csv,0.9912274666299711
2z9i_pdz_vs_2hga_trim,2z9i_pdz,2hga_trim,10f,1,80,70,66,4,14,0.9428571428571428,0.825,0.88,0.7857142857142857,"(1, 85)","(2, 85)","[(2, 85)]",84,85,84,0.9882352941176472,1.0,0.9940828402366864,"(12, 87)","(2, 88)",76,76,87,1.0,0.8735632183908046,0.9325153374233128,38,0.75,0.9632990888299996,182.0,0.4714285714285714,33,70,True,2,85,14-2;15-3;16-4;17-5;18-6;19-7;20-8;21-9;22-10;23-11;24-12;25-13;26-14;27-15;28-16;29-17;30-18;32-19;33-20;34-21;35-22;36-23;37-24;38-25;39-26;40-27;41-28;42-29;43-30;44-31;45-32;46-33;47-34;48-35;49-36;50-37;51-38;52-39;53-40;54-41;55-42;56-43;57-44;58-45;59-46;60-47;61-48;62-49;63-50;64-51;65-52;66-53;67-54;68-55;69-56;70-57;71-58;77-59;78-60;79-61;80-62;81-63;82-64;83-65;84-66;85-67;86-68;87-69;2-74;3-75;4-76;5-77;6-78;7-79;8-80;9-81;10-82;11-83;12-84;88-85,/mnt/scratch/jugipalace/foldseek_new_3di/tmp/2z9i_pdz_vs_2hga_trim_w1/2z9i_pdz_10f_3di_2hga_trim_10f_3di_x2_10f_ssw_output.txt.pairs.tsv,/mnt/scratch/jugipalace/foldseek_new_3di/tmp/2z9i_pdz_vs_2hga_trim_w1/alignment_results/2hga_trim_10f_result_coverage_target.tsv,/mnt/scratch/jugipalace/foldseek_new_3di/tmp/2z9i_pdz_vs_2hga_trim_w1/alignment_results/2hga_trim_10f_result_coverage_query.tsv,/mnt/scratch/jugipalace/foldseek_new_3di/tmp/2z9i_pdz_vs_2hga_trim_w1/2z9i_pdz_vs_2hga_trim_variant_summary_w1.csv,0.9632990888299996
2z9i_pdz_vs_2hga_trim,2z9i_pdz,2hga_trim,9f,1,80,50,34,16,46,0.68,0.425,0.5230769230769231,0.3541666666666667,"(3, 82)","(2, 85)","[(2, 85)]",80,80,84,1.0,0.9523809523809524,0.975609756097561,"(9, 66)","(2, 88)",58,58,87,1.0,0.6666666666666666,0.8,18,0.25,0.8878048780487805,72.0,0.48,24,50,True,2,85,14-2;15-3;16-4;17-5;18-6;19-7;20-8;21-9;22-10;23-11;24-12;25-13;26-14;27-15;28-16;29-17;30-18;32-19;33-20;34-21;35-22;36-23;37-24;38-25;39-26;40-27;41-28;42-29;43-30;44-31;45-32;46-33;47-34;48-35;49-36;50-37;51-38;52-39;53-40;54-41;55-42;56-43;57-44;58-45;59-46;60-47;61-48;62-49;63-50;64-51;65-52;66-53;67-54;68-55;69-56;70-57;71-58;77-59;78-60;79-61;80-62;81-63;82-64;83-65;84-66;85-67;86-68;87-69;2-74;3-75;4-76;5-77;6-78;7-79;8-80;9-81;10-82;11-83;12-84;88-85,/mnt/scratch/jugipalace/foldseek_new_3di/tmp/2z9i_pdz_vs_2hga_trim_w1/2z9i_pdz_9f_3di_2hga_trim_9f_3di_x2_9f_ssw_output.txt.pairs.tsv,/mnt/scratch/jugipalace/foldseek_new_3di/tmp/2z9i_pdz_vs_2hga_trim_w1/alignment_results/2hga_trim_9f_result_coverage_target.tsv,/mnt/scratch/jugipalace/foldseek_new_3di/tmp/2z9i_pdz_vs_2hga_trim_w1/alignment_results/2hga_trim_9f_result_coverage_query.tsv,/mnt/scratch/jugipalace/foldseek_new_3di/tmp/2z9i_pdz_vs_2hga_trim_w1/2z9i_pdz_vs_2hga_trim_variant_summary_w1.csv,0.8878048780487805
2z9i_pdz_vs_2hga_trim,2z9i_pdz,2hga_trim,8f,1,80,79,76,3,4,0.9620253164556962,0.95,0.9559748427672956,0.9156626506024096,"(1, 85)","(2, 85)","[(2, 85)]",84,85,84,0.9882352941176472,1.0,0.9940828402366864,"(2, 86)","(2, 88)",85,85,87,1.0,0.9770114942528736,0.9883720930232558,38,1.0,0.9912274666299712,203.0,0.3417721518987341,27,79,True,2,85,14-2;15-3;16-4;17-5;18-6;19-7;20-8;21-9;22-10;23-11;24-12;25-13;26-14;27-15;28-16;29-17;30-18;32-19;33-20;34-21;35-22;36-23;37-24;38-25;39-26;40-27;41-28;42-29;43-30;44-31;45-32;46-33;47-34;48-35;49-36;50-37;51-38;52-39;53-40;54-41;55-42;56-43;57-44;58-45;59-46;60-47;61-48;62-49;63-50;64-51;65-52;66-53;67-54;68-55;69-56;70-57;71-58;77-59;78-60;79-61;80-62;81-63;82-64;83-65;84-66;85-67;86-68;87-69;2-74;3-75;4-76;5-77;6-78;7-79;8-80;9-81;10-82;11-83;12-84;88-85,/mnt/scratch/jugipalace/foldseek_new_3di/tmp/2z9i_pdz_vs_2hga_trim_w1/2z9i_pdz_8f_3di_2hga_trim_8f_3di_x2_8f_ssw_output.txt.pairs.tsv,/mnt/scratch/jugipalace/foldseek_new_3di/tmp/2z9i_pdz_vs_2hga_trim_w1/alignment_results/2hga_trim_8f_result_coverage_target.tsv,/mnt/scratch/jugipalace/foldseek_new_3di/tmp/2z9i_pdz_vs_2hga_trim_w1/alignment_results/2hga_trim_8f_result_coverage_query.tsv,/mnt/scratch/jugipalace/foldseek_new_3di/tmp/2z9i_pdz_vs_2hga_trim_w1/2z9i_pdz_vs_2hga_trim_variant_summary_w1.csv,0.9912274666299711
2z9i_pdz_vs_2hga_trim,2z9i_pdz,2hga_trim,10f,2,80,70,69,1,11,0.9857142857142858,0.8625,0.9200000000000002,0.8518518518518519,"(1, 85)","(2, 85)","[(2, 85)]",84,85,84,0.9882352941176472,1.0,0.9940828402366864,"(12, 87)","(2, 88)",76,76,87,1.0,0.8735632183908046,0.9325153374233128,38,0.75,0.9632990888299996,182.0,0.4714285714285714,33,70,True,2,85,14-2;15-3;16-4;17-5;18-6;19-7;20-8;21-9;22-10;23-11;24-12;25-13;26-14;27-15;28-16;29-17;30-18;32-19;33-20;34-21;35-22;36-23;37-24;38-25;39-26;40-27;41-28;42-29;43-30;44-31;45-32;46-33;47-34;48-35;49-36;50-37;51-38;52-39;53-40;54-41;55-42;56-43;57-44;58-45;59-46;60-47;61-48;62-49;63-50;64-51;65-52;66-53;67-54;68-55;69-56;70-57;71-58;77-59;78-60;79-61;80-62;81-63;82-64;83-65;84-66;85-67;86-68;87-69;2-74;3-75;4-76;5-77;6-78;7-79;8-80;9-81;10-82;11-83;12-84;88-85,/mnt/scratch/jugipalace/foldseek_new_3di/tmp/2z9i_pdz_vs_2hga_trim_w2/2z9i_pdz_10f_3di_2hga_trim_10f_3di_x2_10f_ssw_output.txt.pairs.tsv,/mnt/scratch/jugipalace/foldseek_new_3di/tmp/2z9i_pdz_vs_2hga_trim_w2/alignment_results/2hga_trim_10f_result_coverage_target.tsv,/mnt/scratch/jugipalace/foldseek_new_3di/tmp/2z9i_pdz_vs_2hga_trim_w2/alignment_results/2hga_trim_10f_result_coverage_query.tsv,/mnt/scratch/jugipalace/foldseek_new_3di/tmp/2z9i_pdz_vs_2hga_trim_w2/2z9i_pdz_vs_2hga_trim_variant_summary_w2.csv,0.9632990888299996
2z9i_pdz_vs_2hga_trim,2z9i_pdz,2hga_trim,9f,2,80,50,50,0,30,1.0,0.625,0.7692307692307693,0.625,"(3, 82)","(2, 85)","[(2, 85)]",80,80,84,1.0,0.9523809523809524,0.975609756097561,"(9, 66)","(2, 88)",58,58,87,1.0,0.6666666666666666,0.8,18,0.25,0.8878048780487805,72.0,0.48,24,50,True,2,85,14-2;15-3;16-4;17-5;18-6;19-7;20-8;21-9;22-10;23-11;24-12;25-13;26-14;27-15;28-16;29-17;30-18;32-19;33-20;34-21;35-22;36-23;37-24;38-25;39-26;40-27;41-28;42-29;43-30;44-31;45-32;46-33;47-34;48-35;49-36;50-37;51-38;52-39;53-40;54-41;55-42;56-43;57-44;58-45;59-46;60-47;61-48;62-49;63-50;64-51;65-52;66-53;67-54;68-55;69-56;70-57;71-58;77-59;78-60;79-61;80-62;81-63;82-64;83-65;84-66;85-67;86-68;87-69;2-74;3-75;4-76;5-77;6-78;7-79;8-80;9-81;10-82;11-83;12-84;88-85,/mnt/scratch/jugipalace/foldseek_new_3di/tmp/2z9i_pdz_vs_2hga_trim_w2/2z9i_pdz_9f_3di_2hga_trim_9f_3di_x2_9f_ssw_output.txt.pairs.tsv,/mnt/scratch/jugipalace/foldseek_new_3di/tmp/2z9i_pdz_vs_2hga_trim_w2/alignment_results/2hga_trim_9f_result_coverage_target.tsv,/mnt/scratch/jugipalace/foldseek_new_3di/tmp/2z9i_pdz_vs_2hga_trim_w2/alignment_results/2hga_trim_9f_result_coverage_query.tsv,/mnt/scratch/jugipalace/foldseek_new_3di/tmp/2z9i_pdz_vs_2hga_trim_w2/2z9i_pdz_vs_2hga_trim_variant_summary_w2.csv,0.8878048780487805
2z9i_pdz_vs_2hga_trim,2z9i_pdz,2hga_trim,8f,2,80,79,77,2,3,0.9746835443037974,0.9625,0.9685534591194968,0.9390243902439024,"(1, 85)","(2, 85)","[(2, 85)]",84,85,84,0.9882352941176472,1.0,0.9940828402366864,"(2, 86)","(2, 88)",85,85,87,1.0,0.9770114942528736,0.9883720930232558,38,1.0,0.9912274666299712,203.0,0.3417721518987341,27,79,True,2,85,14-2;15-3;16-4;17-5;18-6;19-7;20-8;21-9;22-10;23-11;24-12;25-13;26-14;27-15;28-16;29-17;30-18;32-19;33-20;34-21;35-22;36-23;37-24;38-25;39-26;40-27;41-28;42-29;43-30;44-31;45-32;46-33;47-34;48-35;49-36;50-37;51-38;52-39;53-40;54-41;55-42;56-43;57-44;58-45;59-46;60-47;61-48;62-49;63-50;64-51;65-52;66-53;67-54;68-55;69-56;70-57;71-58;77-59;78-60;79-61;80-62;81-63;82-64;83-65;84-66;85-67;86-68;87-69;2-74;3-75;4-76;5-77;6-78;7-79;8-80;9-81;10-82;11-83;12-84;88-85,/mnt/scratch/jugipalace/foldseek_new_3di/tmp/2z9i_pdz_vs_2hga_trim_w2/2z9i_pdz_8f_3di_2hga_trim_8f_3di_x2_8f_ssw_output.txt.pairs.tsv,/mnt/scratch/jugipalace/foldseek_new_3di/tmp/2z9i_pdz_vs_2hga_trim_w2/alignment_results/2hga_trim_8f_result_coverage_target.tsv,/mnt/scratch/jugipalace/foldseek_new_3di/tmp/2z9i_pdz_vs_2hga_trim_w2/alignment_results/2hga_trim_8f_result_coverage_query.tsv,/mnt/scratch/jugipalace/foldseek_new_3di/tmp/2z9i_pdz_vs_2hga_trim_w2/2z9i_pdz_vs_2hga_trim_variant_summary_w2.csv,0.9912274666299711
Sap_C_vs_Sap_C_circular_permutation,Sap_C,Sap_C_circular_permutation,10f,0,78,64,38,26,40,0.59375,0.4871794871794871,0.5352112676056338,0.3653846153846153,"(1, 78)","(1, 78)","[(1, 78)]",78,78,78,1.0,1.0,1.0,"(12, 75)","(2, 79)",64,64,78,1.0,0.8205128205128205,0.9014084507042254,38,1.0,0.9507042253521129,136.0,0.765625,49,64,True,1,78,38-1;39-2;40-3;41-4;42-5;43-6;44-7;45-8;46-9;47-10;48-11;49-12;50-13;51-14;52-15;53-16;54-17;55-18;56-19;57-20;58-21;59-22;60-23;61-24;62-25;63-26;64-27;65-28;66-29;67-30;68-31;69-32;70-33;71-34;72-35;73-36;74-37;75-38;76-39;77-40;78-41;2-42;3-43;4-44;5-45;6-46;7-47;8-48;9-49;10-50;11-51;12-52;13-53;14-54;15-55;16-56;17-57;18-58;19-59;20-60;21-61;22-62;23-63;24-64;25-65;26-66;27-67;28-68;29-69;30-70;31-71;32-72;33-73;34-74;35-75;36-76;37-77;79-78,/mnt/scratch/jugipalace/foldseek_new_3di/tmp/Sap_C_vs_Sap_C_circular_permutation_w0/Sap_C_10f_3di_Sap_C_circular_permutation_10f_3di_x2_10f_ssw_output.txt.pairs.tsv,/mnt/scratch/jugipalace/foldseek_new_3di/tmp/Sap_C_vs_Sap_C_circular_permutation_w0/alignment_results/Sap_C_circular_permutation_10f_result_coverage_target.tsv,/mnt/scratch/jugipalace/foldseek_new_3di/tmp/Sap_C_vs_Sap_C_circular_permutation_w0/alignment_results/Sap_C_circular_permutation_10f_result_coverage_query.tsv,/mnt/scratch/jugipalace/foldseek_new_3di/tmp/Sap_C_vs_Sap_C_circular_permutation_w0/Sap_C_vs_Sap_C_circular_permutation_variant_summary_w0.csv,0.9507042253521127
Sap_C_vs_Sap_C_circular_permutation,Sap_C,Sap_C_circular_permutation,9f,0,78,65,17,48,61,0.2615384615384615,0.2179487179487179,0.2377622377622377,0.1349206349206349,"(10, 78)","(1, 78)","[(1, 78)]",69,69,78,1.0,0.8846153846153846,0.9387755102040816,"(11, 75)","(2, 79)",65,65,78,1.0,0.8333333333333334,0.9090909090909092,17,1.0,0.9239332096474951,173.0,0.7846153846153846,51,65,True,1,78,38-1;39-2;40-3;41-4;42-5;43-6;44-7;45-8;46-9;47-10;48-11;49-12;50-13;51-14;52-15;53-16;54-17;55-18;56-19;57-20;58-21;59-22;60-23;61-24;62-25;63-26;64-27;65-28;66-29;67-30;68-31;69-32;70-33;71-34;72-35;73-36;74-37;75-38;76-39;77-40;78-41;2-42;3-43;4-44;5-45;6-46;7-47;8-48;9-49;10-50;11-51;12-52;13-53;14-54;15-55;16-56;17-57;18-58;19-59;20-60;21-61;22-62;23-63;24-64;25-65;26-66;27-67;28-68;29-69;30-70;31-71;32-72;33-73;34-74;35-75;36-76;37-77;79-78,/mnt/scratch/jugipalace/foldseek_new_3di/tmp/Sap_C_vs_Sap_C_circular_permutation_w0/Sap_C_9f_3di_Sap_C_circular_permutation_9f_3di_x2_9f_ssw_output.txt.pairs.tsv,/mnt/scratch/jugipalace/foldseek_new_3di/tmp/Sap_C_vs_Sap_C_circular_permutation_w0/alignment_results/Sap_C_circular_permutation_9f_result_coverage_target.tsv,/mnt/scratch/jugipalace/foldseek_new_3di/tmp/Sap_C_vs_Sap_C_circular_permutation_w0/alignment_results/Sap_C_circular_permutation_9f_result_coverage_query.tsv,/mnt/scratch/jugipalace/foldseek_new_3di/tmp/Sap_C_vs_Sap_C_circular_permutation_w0/Sap_C_vs_Sap_C_circular_permutation_variant_summary_w0.csv,0.9239332096474954
Sap_C_vs_Sap_C_circular_permutation,Sap_C,Sap_C_circular_permutation,8f,0,78,76,40,36,38,0.5263157894736842,0.5128205128205128,0.5194805194805194,0.3508771929824561,"(1, 78)","(1, 78)","[(1, 78)]",78,78,78,1.0,1.0,1.0,"(2, 77)","(2, 79)",76,76,78,1.0,0.9743589743589745,0.9870129870129868,40,1.0,0.9935064935064934,332.0,0.9473684210526316,72,76,True,1,78,38-1;39-2;40-3;41-4;42-5;43-6;44-7;45-8;46-9;47-10;48-11;49-12;50-13;51-14;52-15;53-16;54-17;55-18;56-19;57-20;58-21;59-22;60-23;61-24;62-25;63-26;64-27;65-28;66-29;67-30;68-31;69-32;70-33;71-34;72-35;73-36;74-37;75-38;76-39;77-40;78-41;2-42;3-43;4-44;5-45;6-46;7-47;8-48;9-49;10-50;11-51;12-52;13-53;14-54;15-55;16-56;17-57;18-58;19-59;20-60;21-61;22-62;23-63;24-64;25-65;26-66;27-67;28-68;29-69;30-70;31-71;32-72;33-73;34-74;35-75;36-76;37-77;79-78,/mnt/scratch/jugipalace/foldseek_new_3di/tmp/Sap_C_vs_Sap_C_circular_permutation_w0/Sap_C_8f_3di_Sap_C_circular_permutation_8f_3di_x2_8f_ssw_output.txt.pairs.tsv,/mnt/scratch/jugipalace/foldseek_new_3di/tmp/Sap_C_vs_Sap_C_circular_permutation_w0/alignment_results/Sap_C_circular_permutation_8f_result_coverage_target.tsv,/mnt/scratch/jugipalace/foldseek_new_3di/tmp/Sap_C_vs_Sap_C_circular_permutation_w0/alignment_results/Sap_C_circular_permutation_8f_result_coverage_query.tsv,/mnt/scratch/jugipalace/foldseek_new_3di/tmp/Sap_C_vs_Sap_C_circular_permutation_w0/Sap_C_vs_Sap_C_circular_permutation_variant_summary_w0.csv,0.9935064935064934
Sap_C_vs_Sap_C_circular_permutation,Sap_C,Sap_C_circular_permutation,10f,1,78,64,64,0,14,1.0,0.8205128205128205,0.9014084507042254,0.8205128205128205,"(1, 78)","(1, 78)","[(1, 78)]",78,78,78,1.0,1.0,1.0,"(12, 75)","(2, 79)",64,64,78,1.0,0.8205128205128205,0.9014084507042254,38,1.0,0.9507042253521129,136.0,0.765625,49,64,True,1,78,38-1;39-2;40-3;41-4;42-5;43-6;44-7;45-8;46-9;47-10;48-11;49-12;50-13;51-14;52-15;53-16;54-17;55-18;56-19;57-20;58-21;59-22;60-23;61-24;62-25;63-26;64-27;65-28;66-29;67-30;68-31;69-32;70-33;71-34;72-35;73-36;74-37;75-38;76-39;77-40;78-41;2-42;3-43;4-44;5-45;6-46;7-47;8-48;9-49;10-50;11-51;12-52;13-53;14-54;15-55;16-56;17-57;18-58;19-59;20-60;21-61;22-62;23-63;24-64;25-65;26-66;27-67;28-68;29-69;30-70;31-71;32-72;33-73;34-74;35-75;36-76;37-77;79-78,/mnt/scratch/jugipalace/foldseek_new_3di/tmp/Sap_C_vs_Sap_C_circular_permutation_w1/Sap_C_10f_3di_Sap_C_circular_permutation_10f_3di_x2_10f_ssw_output.txt.pairs.tsv,/mnt/scratch/jugipalace/foldseek_new_3di/tmp/Sap_C_vs_Sap_C_circular_permutation_w1/alignment_results/Sap_C_circular_permutation_10f_result_coverage_target.tsv,/mnt/scratch/jugipalace/foldseek_new_3di/tmp/Sap_C_vs_Sap_C_circular_permutation_w1/alignment_results/Sap_C_circular_permutation_10f_result_coverage_query.tsv,/mnt/scratch/jugipalace/foldseek_new_3di/tmp/Sap_C_vs_Sap_C_circular_permutation_w1/Sap_C_vs_Sap_C_circular_permutation_variant_summary_w1.csv,0.9507042253521127
Sap_C_vs_Sap_C_circular_permutation,Sap_C,Sap_C_circular_permutation,9f,1,78,65,27,38,51,0.4153846153846154,0.3461538461538461,0.3776223776223776,0.2327586206896551,"(10, 78)","(1, 78)","[(1, 78)]",69,69,78,1.0,0.8846153846153846,0.9387755102040816,"(11, 75)","(2, 79)",65,65,78,1.0,0.8333333333333334,0.9090909090909092,17,1.0,0.9239332096474951,173.0,0.7846153846153846,51,65,True,1,78,38-1;39-2;40-3;41-4;42-5;43-6;44-7;45-8;46-9;47-10;48-11;49-12;50-13;51-14;52-15;53-16;54-17;55-18;56-19;57-20;58-21;59-22;60-23;61-24;62-25;63-26;64-27;65-28;66-29;67-30;68-31;69-32;70-33;71-34;72-35;73-36;74-37;75-38;76-39;77-40;78-41;2-42;3-43;4-44;5-45;6-46;7-47;8-48;9-49;10-50;11-51;12-52;13-53;14-54;15-55;16-56;17-57;18-58;19-59;20-60;21-61;22-62;23-63;24-64;25-65;26-66;27-67;28-68;29-69;30-70;31-71;32-72;33-73;34-74;35-75;36-76;37-77;79-78,/mnt/scratch/jugipalace/foldseek_new_3di/tmp/Sap_C_vs_Sap_C_circular_permutation_w1/Sap_C_9f_3di_Sap_C_circular_permutation_9f_3di_x2_9f_ssw_output.txt.pairs.tsv,/mnt/scratch/jugipalace/foldseek_new_3di/tmp/Sap_C_vs_Sap_C_circular_permutation_w1/alignment_results/Sap_C_circular_permutation_9f_result_coverage_target.tsv,/mnt/scratch/jugipalace/foldseek_new_3di/tmp/Sap_C_vs_Sap_C_circular_permutation_w1/alignment_results/Sap_C_circular_permutation_9f_result_coverage_query.tsv,/mnt/scratch/jugipalace/foldseek_new_3di/tmp/Sap_C_vs_Sap_C_circular_permutation_w1/Sap_C_vs_Sap_C_circular_permutation_variant_summary_w1.csv,0.9239332096474954
Sap_C_vs_Sap_C_circular_permutation,Sap_C,Sap_C_circular_permutation,8f,1,78,76,76,0,2,1.0,0.9743589743589745,0.9870129870129868,0.9743589743589745,"(1, 78)","(1, 78)","[(1, 78)]",78,78,78,1.0,1.0,1.0,"(2, 77)","(2, 79)",76,76,78,1.0,0.9743589743589745,0.9870129870129868,40,1.0,0.9935064935064934,332.0,0.9473684210526316,72,76,True,1,78,38-1;39-2;40-3;41-4;42-5;43-6;44-7;45-8;46-9;47-10;48-11;49-12;50-13;51-14;52-15;53-16;54-17;55-18;56-19;57-20;58-21;59-22;60-23;61-24;62-25;63-26;64-27;65-28;66-29;67-30;68-31;69-32;70-33;71-34;72-35;73-36;74-37;75-38;76-39;77-40;78-41;2-42;3-43;4-44;5-45;6-46;7-47;8-48;9-49;10-50;11-51;12-52;13-53;14-54;15-55;16-56;17-57;18-58;19-59;20-60;21-61;22-62;23-63;24-64;25-65;26-66;27-67;28-68;29-69;30-70;31-71;32-72;33-73;34-74;35-75;36-76;37-77;79-78,/mnt/scratch/jugipalace/foldseek_new_3di/tmp/Sap_C_vs_Sap_C_circular_permutation_w1/Sap_C_8f_3di_Sap_C_circular_permutation_8f_3di_x2_8f_ssw_output.txt.pairs.tsv,/mnt/scratch/jugipalace/foldseek_new_3di/tmp/Sap_C_vs_Sap_C_circular_permutation_w1/alignment_results/Sap_C_circular_permutation_8f_result_coverage_target.tsv,/mnt/scratch/jugipalace/foldseek_new_3di/tmp/Sap_C_vs_Sap_C_circular_permutation_w1/alignment_results/Sap_C_circular_permutation_8f_result_coverage_query.tsv,/mnt/scratch/jugipalace/foldseek_new_3di/tmp/Sap_C_vs_Sap_C_circular_permutation_w1/Sap_C_vs_Sap_C_circular_permutation_variant_summary_w1.csv,0.9935064935064934
Sap_C_vs_Sap_C_circular_permutation,Sap_C,Sap_C_circular_permutation,10f,2,78,64,64,0,14,1.0,0.8205128205128205,0.9014084507042254,0.8205128205128205,"(1, 78)","(1, 78)","[(1, 78)]",78,78,78,1.0,1.0,1.0,"(12, 75)","(2, 79)",64,64,78,1.0,0.8205128205128205,0.9014084507042254,38,1.0,0.9507042253521129,136.0,0.765625,49,64,True,1,78,38-1;39-2;40-3;41-4;42-5;43-6;44-7;45-8;46-9;47-10;48-11;49-12;50-13;51-14;52-15;53-16;54-17;55-18;56-19;57-20;58-21;59-22;60-23;61-24;62-25;63-26;64-27;65-28;66-29;67-30;68-31;69-32;70-33;71-34;72-35;73-36;74-37;75-38;76-39;77-40;78-41;2-42;3-43;4-44;5-45;6-46;7-47;8-48;9-49;10-50;11-51;12-52;13-53;14-54;15-55;16-56;17-57;18-58;19-59;20-60;21-61;22-62;23-63;24-64;25-65;26-66;27-67;28-68;29-69;30-70;31-71;32-72;33-73;34-74;35-75;36-76;37-77;79-78,/mnt/scratch/jugipalace/foldseek_new_3di/tmp/Sap_C_vs_Sap_C_circular_permutation_w2/Sap_C_10f_3di_Sap_C_circular_permutation_10f_3di_x2_10f_ssw_output.txt.pairs.tsv,/mnt/scratch/jugipalace/foldseek_new_3di/tmp/Sap_C_vs_Sap_C_circular_permutation_w2/alignment_results/Sap_C_circular_permutation_10f_result_coverage_target.tsv,/mnt/scratch/jugipalace/foldseek_new_3di/tmp/Sap_C_vs_Sap_C_circular_permutation_w2/alignment_results/Sap_C_circular_permutation_10f_result_coverage_query.tsv,/mnt/scratch/jugipalace/foldseek_new_3di/tmp/Sap_C_vs_Sap_C_circular_permutation_w2/Sap_C_vs_Sap_C_circular_permutation_variant_summary_w2.csv,0.9507042253521127
Sap_C_vs_Sap_C_circular_permutation,Sap_C,Sap_C_circular_permutation,9f,2,78,65,27,38,51,0.4153846153846154,0.3461538461538461,0.3776223776223776,0.2327586206896551,"(10, 78)","(1, 78)","[(1, 78)]",69,69,78,1.0,0.8846153846153846,0.9387755102040816,"(11, 75)","(2, 79)",65,65,78,1.0,0.8333333333333334,0.9090909090909092,17,1.0,0.9239332096474951,173.0,0.7846153846153846,51,65,True,1,78,38-1;39-2;40-3;41-4;42-5;43-6;44-7;45-8;46-9;47-10;48-11;49-12;50-13;51-14;52-15;53-16;54-17;55-18;56-19;57-20;58-21;59-22;60-23;61-24;62-25;63-26;64-27;65-28;66-29;67-30;68-31;69-32;70-33;71-34;72-35;73-36;74-37;75-38;76-39;77-40;78-41;2-42;3-43;4-44;5-45;6-46;7-47;8-48;9-49;10-50;11-51;12-52;13-53;14-54;15-55;16-56;17-57;18-58;19-59;20-60;21-61;22-62;23-63;24-64;25-65;26-66;27-67;28-68;29-69;30-70;31-71;32-72;33-73;34-74;35-75;36-76;37-77;79-78,/mnt/scratch/jugipalace/foldseek_new_3di/tmp/Sap_C_vs_Sap_C_circular_permutation_w2/Sap_C_9f_3di_Sap_C_circular_permutation_9f_3di_x2_9f_ssw_output.txt.pairs.tsv,/mnt/scratch/jugipalace/foldseek_new_3di/tmp/Sap_C_vs_Sap_C_circular_permutation_w2/alignment_results/Sap_C_circular_permutation_9f_result_coverage_target.tsv,/mnt/scratch/jugipalace/foldseek_new_3di/tmp/Sap_C_vs_Sap_C_circular_permutation_w2/alignment_results/Sap_C_circular_permutation_9f_result_coverage_query.tsv,/mnt/scratch/jugipalace/foldseek_new_3di/tmp/Sap_C_vs_Sap_C_circular_permutation_w2/Sap_C_vs_Sap_C_circular_permutation_variant_summary_w2.csv,0.9239332096474954
Sap_C_vs_Sap_C_circular_permutation,Sap_C,Sap_C_circular_permutation,8f,2,78,76,76,0,2,1.0,0.9743589743589745,0.9870129870129868,0.9743589743589745,"(1, 78)","(1, 78)","[(1, 78)]",78,78,78,1.0,1.0,1.0,"(2, 77)","(2, 79)",76,76,78,1.0,0.9743589743589745,0.9870129870129868,40,1.0,0.9935064935064934,332.0,0.9473684210526316,72,76,True,1,78,38-1;39-2;40-3;41-4;42-5;43-6;44-7;45-8;46-9;47-10;48-11;49-12;50-13;51-14;52-15;53-16;54-17;55-18;56-19;57-20;58-21;59-22;60-23;61-24;62-25;63-26;64-27;65-28;66-29;67-30;68-31;69-32;70-33;71-34;72-35;73-36;74-37;75-38;76-39;77-40;78-41;2-42;3-43;4-44;5-45;6-46;7-47;8-48;9-49;10-50;11-51;12-52;13-53;14-54;15-55;16-56;17-57;18-58;19-59;20-60;21-61;22-62;23-63;24-64;25-65;26-66;27-67;28-68;29-69;30-70;31-71;32-72;33-73;34-74;35-75;36-76;37-77;79-78,/mnt/scratch/jugipalace/foldseek_new_3di/tmp/Sap_C_vs_Sap_C_circular_permutation_w2/Sap_C_8f_3di_Sap_C_circular_permutation_8f_3di_x2_8f_ssw_output.txt.pairs.tsv,/mnt/scratch/jugipalace/foldseek_new_3di/tmp/Sap_C_vs_Sap_C_circular_permutation_w2/alignment_results/Sap_C_circular_permutation_8f_result_coverage_target.tsv,/mnt/scratch/jugipalace/foldseek_new_3di/tmp/Sap_C_vs_Sap_C_circular_permutation_w2/alignment_results/Sap_C_circular_permutation_8f_result_coverage_query.tsv,/mnt/scratch/jugipalace/foldseek_new_3di/tmp/Sap_C_vs_Sap_C_circular_permutation_w2/Sap_C_vs_Sap_C_circular_permutation_variant_summary_w2.csv,0.9935064935064934
